x0,y0,x1,y1,x2,y2,x3,y3,x4,y4,x5,y5,x6,y6,x7,y7,x8,y8,x9,y9,x10,y10,x11,y11,x12,y12,x13,y13,x14,y14,x15,y15,x16,y16
629.008544921875,381.3322448730469,628.4768676757812,378.7825012207031,630.4559326171875,378.17486572265625,627.6336669921875,383.2757873535156,645.1707763671875,380.67120361328125,627.5979614257812,403.1559753417969,654.7534790039062,396.43939208984375,610.674560546875,417.9735107421875,645.4607543945312,405.8899230957031,597.9804077148438,401.7690124511719,619.6666259765625,394.5608215332031,642.54541015625,452.39727783203125,660.2111206054688,449.0796813964844,641.5169067382812,492.36907958984375,653.4260864257812,487.92657470703125,655.66015625,532.9073486328125,657.3092651367188,524.478759765625
629.1276245117188,379.88555908203125,628.625,377.32177734375,630.5487060546875,376.7801208496094,627.5387573242188,382.06427001953125,645.0602416992188,379.69927978515625,626.8194580078125,402.34912109375,653.8134765625,396.0203857421875,608.83984375,416.88421630859375,642.8579711914062,405.6105651855469,595.8685302734375,401.07904052734375,616.7398681640625,394.9497985839844,639.8292846679688,451.6044616699219,657.488525390625,448.4591369628906,640.2684326171875,491.4676513671875,652.6466064453125,487.22821044921875,653.3773193359375,532.3230590820312,656.3491821289062,524.148193359375
628.4635620117188,380.0206604003906,628.4000854492188,377.2591247558594,630.1143188476562,376.48040771484375,627.9150390625,381.2823181152344,643.70947265625,378.7323303222656,623.7446899414062,401.60821533203125,652.8652954101562,396.361328125,605.30078125,414.06158447265625,646.0371704101562,406.01922607421875,592.1092529296875,398.0040283203125,622.7908935546875,395.7664794921875,636.9896240234375,452.6129455566406,656.278076171875,450.3057556152344,636.803466796875,490.7420654296875,653.542236328125,487.666748046875,647.8724975585938,529.4183959960938,658.7589721679688,522.3114624023438
626.9579467773438,379.3243408203125,627.316162109375,376.5148620605469,628.8306274414062,375.81036376953125,628.007080078125,380.3937683105469,643.1752319335938,378.2474060058594,623.3040771484375,400.71966552734375,653.0631713867188,396.1074523925781,602.8707275390625,413.1872863769531,645.8306274414062,406.8343200683594,590.363525390625,398.0377502441406,624.2862548828125,398.0341796875,634.7593994140625,452.8133544921875,654.6468505859375,450.57586669921875,633.5123901367188,491.0919189453125,652.6892700195312,488.04925537109375,645.282958984375,529.26806640625,659.4606323242188,522.1555786132812
626.7744140625,379.32965087890625,627.1622314453125,376.529541015625,628.6892700195312,375.8091125488281,627.9393920898438,380.4211730957031,643.1063842773438,378.24761962890625,623.2302856445312,400.7341003417969,653.0225830078125,396.0892639160156,602.8253173828125,413.1639099121094,645.7554321289062,406.6141357421875,590.3757934570312,398.08270263671875,624.2008666992188,397.6917419433594,634.8455200195312,452.74322509765625,654.7391967773438,450.4994812011719,633.5170288085938,490.92626953125,652.658447265625,487.8996887207031,645.22607421875,529.0782470703125,659.2709350585938,522.017822265625
627.5692138671875,378.70013427734375,627.685791015625,375.88140869140625,629.1349487304688,375.3215026855469,627.6865234375,379.7317810058594,642.6327514648438,377.9222412109375,622.7850952148438,400.28167724609375,652.4187622070312,396.0644226074219,602.4608154296875,414.3802185058594,646.5173950195312,408.35858154296875,588.7955932617188,399.8717041015625,625.672607421875,398.78167724609375,632.3118896484375,452.2514343261719,652.2042236328125,450.17193603515625,631.7984619140625,490.2955322265625,651.449462890625,487.5509948730469,642.5553588867188,529.2113647460938,657.9112548828125,522.6367797851562
626.1942138671875,377.6868591308594,626.254150390625,375.08734130859375,627.4615478515625,374.46685791015625,626.1578369140625,379.64654541015625,640.7078247070312,377.4596252441406,622.545654296875,399.9253845214844,650.7581176757812,395.4713439941406,601.3433227539062,415.3695373535156,648.0203247070312,409.3713073730469,583.1625366210938,402.1915283203125,626.6220703125,400.7708435058594,631.6430053710938,451.7220764160156,650.408935546875,449.3992004394531,628.53125,489.42303466796875,649.0316162109375,486.6051330566406,640.6682739257812,528.17041015625,657.7538452148438,521.6741943359375
625.2743530273438,378.56304931640625,624.88525390625,375.6824645996094,626.2786865234375,375.14666748046875,623.66748046875,379.8916931152344,639.3564453125,377.7471923828125,620.6444702148438,400.80828857421875,649.3878784179688,396.70562744140625,601.9827880859375,420.83892822265625,645.5377197265625,416.270751953125,583.435546875,409.95538330078125,621.2282104492188,410.62664794921875,630.2227172851562,452.6933898925781,649.8956298828125,450.4932861328125,625.4813842773438,490.84881591796875,648.1458740234375,488.3466796875,637.5046997070312,530.1546630859375,657.8348388671875,524.125
624.8897094726562,381.99114990234375,623.5408935546875,378.5067443847656,625.5166625976562,378.06500244140625,620.079345703125,381.7233581542969,637.7838745117188,379.26141357421875,618.6423950195312,404.27569580078125,649.3421020507812,397.74676513671875,606.0252075195312,429.89569091796875,644.8921508789062,417.34393310546875,591.7665405273438,427.5736083984375,621.8358764648438,417.73553466796875,629.649658203125,454.6872863769531,651.1713256835938,451.77264404296875,623.3613891601562,493.10491943359375,648.7506103515625,488.89544677734375,630.0925903320312,534.7584228515625,655.593505859375,526.2678833007812
620.7117919921875,384.3905029296875,619.70947265625,380.9090270996094,621.277587890625,380.2854919433594,617.8306274414062,384.1802673339844,634.2268676757812,380.96173095703125,617.326904296875,406.60150146484375,647.6240234375,398.7266540527344,603.2775268554688,432.8534851074219,647.7127075195312,419.791015625,586.9861450195312,432.6494445800781,628.77783203125,425.34417724609375,629.7949829101562,455.1792907714844,650.9602661132812,451.44830322265625,620.196533203125,494.76690673828125,647.6240844726562,489.11370849609375,624.2020874023438,537.4322509765625,654.6190185546875,526.5286865234375
620.6094360351562,384.3191833496094,619.6222534179688,380.83441162109375,621.16943359375,380.2121276855469,617.813232421875,384.12042236328125,634.156982421875,380.89837646484375,617.3436279296875,406.5792236328125,647.6367797851562,398.7029724121094,603.2654418945312,432.8125305175781,647.7644653320312,419.83642578125,586.9370727539062,432.61676025390625,628.8643188476562,425.5471496582031,629.860595703125,455.1715393066406,651.005859375,451.42926025390625,620.2511596679688,494.725830078125,647.5529174804688,489.0469970703125,624.3305053710938,537.334716796875,654.5127563476562,526.3740234375
615.6357421875,386.5600280761719,614.86474609375,383.09136962890625,615.97607421875,382.26898193359375,614.0646362304688,387.0198669433594,628.6394653320312,382.9965515136719,614.4196166992188,410.9131774902344,643.307373046875,401.4805908203125,601.6447143554688,438.4945983886719,645.7908325195312,424.2709045410156,584.1044921875,439.873046875,630.1171875,435.5282287597656,627.498046875,458.9962463378906,648.141357421875,454.4405822753906,614.0007934570312,497.203125,646.2564697265625,490.03314208984375,616.2252807617188,540.1475219726562,655.5166015625,526.977294921875
610.9750366210938,389.3686828613281,610.8074340820312,386.45947265625,612.5556640625,385.7454528808594,611.9345092773438,390.34027099609375,626.2222900390625,387.7562561035156,610.3177490234375,411.53033447265625,640.559326171875,405.630126953125,597.647705078125,439.8265380859375,644.9913940429688,429.6719970703125,581.497802734375,445.77642822265625,631.5265502929688,436.8156433105469,622.776123046875,460.8692626953125,644.8819580078125,457.57305908203125,607.464111328125,496.57635498046875,646.9251098632812,492.977294921875,611.4608154296875,538.6997680664062,657.946044921875,532.4910888671875
608.1978759765625,391.60980224609375,607.9213256835938,388.8653564453125,609.5831909179688,388.30078125,608.5071411132812,393.1640930175781,622.2119140625,391.0677490234375,606.8281860351562,414.0201110839844,636.9415893554688,409.37847900390625,595.2197265625,441.62841796875,643.7936401367188,433.7992248535156,580.0558471679688,448.962890625,633.32275390625,442.8763427734375,620.668212890625,462.96783447265625,642.4415283203125,460.353271484375,604.751708984375,498.281494140625,643.6896362304688,495.430908203125,610.9608764648438,539.4390258789062,655.83447265625,534.2950439453125
600.8173828125,393.6328430175781,600.4414672851562,390.4480285644531,601.7902221679688,389.6052551269531,602.4188842773438,393.86083984375,616.497802734375,390.12713623046875,602.8744506835938,416.72552490234375,633.3357543945312,408.7859191894531,589.585693359375,442.2508544921875,646.1849365234375,434.54571533203125,569.27880859375,445.4133605957031,639.3101196289062,449.83258056640625,617.1785888671875,465.1212158203125,638.9041748046875,460.75152587890625,603.6355590820312,500.30810546875,639.701416015625,493.779296875,606.9359130859375,540.4910888671875,655.8621215820312,527.8438720703125
595.0986328125,394.2434387207031,594.6915283203125,391.19683837890625,596.0654907226562,390.30523681640625,596.7780151367188,395.0290832519531,611.0306396484375,390.9957275390625,597.7063598632812,418.4474792480469,628.0211181640625,409.32427978515625,585.4918823242188,444.01617431640625,642.4535522460938,433.313232421875,567.1072387695312,444.4458312988281,637.9041748046875,444.62353515625,612.3399658203125,465.966064453125,634.0986328125,461.18389892578125,601.2196655273438,501.04742431640625,637.5899047851562,493.6065673828125,606.4864501953125,540.7806396484375,656.6038208007812,526.8361206054688
595.2972412109375,394.1906433105469,594.870849609375,391.1328125,596.2490234375,390.2569885253906,596.8748779296875,394.943115234375,611.1390380859375,390.9646911621094,597.7665405273438,418.33380126953125,628.0980224609375,409.3365478515625,585.6019287109375,443.94232177734375,642.4596557617188,433.350830078125,567.0803833007812,444.66680908203125,637.6614379882812,444.59796142578125,612.3460693359375,465.9985046386719,634.1326293945312,461.2817687988281,601.157470703125,501.05712890625,637.6272583007812,493.75982666015625,606.4248046875,540.7365112304688,656.6539916992188,527.0274658203125
593.6065063476562,393.9775390625,593.3623046875,390.83294677734375,594.0858154296875,390.07135009765625,595.3030395507812,394.446044921875,607.6000366210938,390.7160339355469,595.150390625,417.7281494140625,623.9139404296875,408.9151916503906,581.1658325195312,442.10919189453125,638.8012084960938,434.03662109375,563.8952026367188,444.9090576171875,638.9780883789062,451.9913330078125,607.77099609375,466.5252990722656,628.1712646484375,461.8243103027344,600.30029296875,502.00701904296875,633.7359008789062,493.94598388671875,607.0844116210938,541.1038818359375,652.9680786132812,525.8251342773438
590.5986328125,393.3828125,589.8764038085938,390.1995849609375,590.897216796875,389.54376220703125,590.4678344726562,393.77227783203125,603.696533203125,390.1781311035156,590.056640625,417.0403137207031,620.0997924804688,408.1326904296875,575.6351928710938,441.50201416015625,634.9576416015625,432.99468994140625,560.0645751953125,443.89215087890625,636.51416015625,450.599609375,604.418701171875,465.16400146484375,624.9656372070312,460.53466796875,597.2315673828125,501.619873046875,626.5049438476562,493.373779296875,605.3065185546875,541.1923828125,642.3430786132812,525.215576171875
586.2042846679688,392.07891845703125,585.2610473632812,389.26434326171875,587.3676147460938,388.9095458984375,585.7867431640625,393.4656066894531,599.980712890625,391.36181640625,584.5527954101562,414.50177001953125,616.90673828125,408.6575927734375,572.1408081054688,441.2196350097656,631.6937866210938,431.467529296875,557.1683959960938,449.32879638671875,629.7125244140625,444.4408874511719,601.0931396484375,463.62969970703125,622.000732421875,460.6124572753906,596.7005615234375,499.230224609375,620.7249145507812,494.73797607421875,606.8131713867188,539.6227416992188,627.9471435546875,531.481201171875
583.4456787109375,392.0289611816406,582.3935546875,389.18292236328125,585.0057983398438,388.97802734375,583.2269287109375,393.05450439453125,598.3592529296875,391.521728515625,582.15869140625,413.5811462402344,614.9306640625,409.56903076171875,569.476318359375,440.3937072753906,628.971435546875,433.53564453125,551.8563842773438,452.7040100097656,625.6331787109375,447.796630859375,597.0076904296875,462.975830078125,617.7332763671875,460.78375244140625,592.4375610351562,500.201904296875,612.618896484375,497.6856689453125,601.255615234375,541.025390625,615.372802734375,536.5400390625
579.5657958984375,393.0888366699219,579.0043334960938,390.21124267578125,581.3425903320312,389.8797302246094,580.7355346679688,393.5982666015625,595.185791015625,391.92510986328125,579.4569702148438,413.47137451171875,611.7631225585938,409.5028076171875,566.6348266601562,441.1786193847656,625.9976806640625,434.08038330078125,550.570068359375,453.0029296875,622.718505859375,446.9644470214844,593.68115234375,463.7632751464844,613.9483642578125,461.466796875,586.5418090820312,499.17987060546875,605.3145141601562,496.83331298828125,595.509033203125,539.2442626953125,606.4459838867188,535.4946899414062
579.4960327148438,393.1118469238281,578.9552612304688,390.2422790527344,581.2708129882812,389.8963623046875,580.6909790039062,393.6682434082031,595.1179809570312,391.9541931152344,579.3723754882812,413.5729675292969,611.6951904296875,409.5673828125,566.4724731445312,441.2527160644531,625.9226684570312,434.2160339355469,550.390380859375,452.6842346191406,622.5560302734375,447.0489501953125,593.6698608398438,463.88214111328125,613.9417114257812,461.5602722167969,586.3895263671875,498.960693359375,605.116455078125,496.55352783203125,595.6416015625,539.0819702148438,606.485107421875,535.2379150390625
576.7176513671875,393.3692321777344,576.3766479492188,390.51885986328125,578.7724609375,390.3072814941406,578.8660278320312,394.05499267578125,592.8187866210938,392.9895324707031,577.6427001953125,413.86968994140625,609.1387329101562,411.4503173828125,567.1930541992188,441.87060546875,622.9728393554688,436.5748596191406,552.9174194335938,455.509521484375,619.7874755859375,448.90850830078125,589.7869873046875,464.5065612792969,609.6664428710938,462.9042053222656,581.9736328125,500.0013427734375,601.0065307617188,498.955322265625,590.608642578125,541.1463623046875,601.2327880859375,539.618896484375
574.8057250976562,394.8052062988281,574.9161987304688,392.192626953125,577.4464721679688,392.0167236328125,578.15234375,396.64404296875,592.7012329101562,396.12066650390625,575.4746704101562,417.1558532714844,608.3364868164062,416.61181640625,565.1572875976562,444.0089416503906,620.6544189453125,442.1965637207031,552.7176513671875,460.2815856933594,617.8868408203125,456.6148681640625,584.2562255859375,469.03717041015625,605.308837890625,468.32574462890625,576.3245239257812,502.86114501953125,597.7779541015625,503.36572265625,586.3065795898438,542.421630859375,599.3472900390625,543.5679931640625
578.2515258789062,398.0704040527344,576.597412109375,395.1629638671875,579.5811157226562,395.55340576171875,573.9581909179688,399.0844421386719,590.1726684570312,399.7298889160156,569.7181396484375,419.0028381347656,604.4337158203125,420.3515625,563.5274658203125,444.340576171875,618.413330078125,445.0416259765625,553.8212890625,463.2975158691406,614.4737548828125,459.32012939453125,578.4586181640625,470.8079833984375,601.1985473632812,471.2285461425781,573.00439453125,503.64996337890625,596.6201171875,505.42303466796875,581.7163696289062,542.1141967773438,598.2259521484375,544.9225463867188
573.0695190429688,404.27752685546875,572.8345336914062,401.41229248046875,574.4996337890625,400.58544921875,573.0739135742188,404.42083740234375,586.5739135742188,401.6131591796875,571.0192260742188,426.04241943359375,599.8715209960938,420.09320068359375,562.8062133789062,451.81549072265625,611.9151000976562,444.13604736328125,551.8421630859375,462.75018310546875,610.4651489257812,461.9123840332031,578.4610595703125,476.32818603515625,597.9940185546875,473.20123291015625,563.1992797851562,508.95318603515625,588.8701171875,504.61053466796875,573.7311401367188,545.3201904296875,600.0216064453125,538.0120849609375
567.7840576171875,409.14166259765625,567.7646484375,406.41473388671875,569.4940795898438,405.5224609375,568.632568359375,409.2879943847656,581.6878662109375,406.37628173828125,566.6061401367188,430.58160400390625,595.4829711914062,424.0417175292969,556.9057006835938,457.73101806640625,608.1808471679688,448.0189208984375,546.6202392578125,467.954345703125,609.6295166015625,464.7666015625,575.7271118164062,480.2196044921875,595.34765625,476.8173522949219,556.7949829101562,509.31414794921875,585.1126098632812,504.41717529296875,569.5549926757812,544.463623046875,599.9127197265625,536.498046875
567.774658203125,409.20050048828125,567.7319946289062,406.4691467285156,569.4808349609375,405.58056640625,568.5671997070312,409.314453125,581.6800537109375,406.39947509765625,566.5970458984375,430.59912109375,595.46875,424.02734375,556.9029541015625,457.81219482421875,608.1232299804688,448.1044006347656,546.6251220703125,467.99310302734375,609.5865478515625,464.94268798828125,575.7115478515625,480.31951904296875,595.333251953125,476.89678955078125,556.7490234375,509.4307861328125,585.0406494140625,504.48419189453125,569.5882568359375,544.6004638671875,599.9203491210938,536.53271484375
561.347900390625,414.41400146484375,561.5311889648438,411.7645263671875,563.4857177734375,410.7203063964844,563.0425415039062,414.2800598144531,576.2175903320312,411.03216552734375,560.8267211914062,434.19610595703125,591.008056640625,427.1994323730469,550.2520751953125,459.3221130371094,606.6303100585938,448.0615234375,541.2077026367188,468.625732421875,611.3680419921875,463.3975830078125,572.7296142578125,483.1774597167969,593.4928588867188,479.68896484375,550.0382080078125,507.82177734375,584.224609375,502.8094482421875,561.3343505859375,541.8229370117188,601.5020751953125,533.9789428710938
553.9821166992188,417.72442626953125,554.4602661132812,414.9267578125,555.8587036132812,414.0217590332031,557.1224365234375,417.4688415527344,569.058837890625,414.333984375,554.1311645507812,437.110595703125,586.2906494140625,429.590087890625,540.059814453125,461.2102966308594,602.8704223632812,447.02484130859375,531.6102905273438,471.73724365234375,610.0521240234375,460.04962158203125,566.928955078125,481.15887451171875,589.8245849609375,477.560546875,541.765380859375,503.69781494140625,585.1979370117188,498.3675537109375,545.6858520507812,540.4143676757812,602.3809204101562,531.7470703125
548.630615234375,420.6330871582031,547.865234375,417.83673095703125,549.8033447265625,417.0059509277344,547.616943359375,420.56536865234375,560.736328125,417.06719970703125,545.7901000976562,441.2948913574219,576.2368774414062,431.1841735839844,532.5786743164062,465.56591796875,597.6599731445312,443.4400329589844,522.084228515625,465.5862121582031,604.0525512695312,440.55419921875,561.6785278320312,484.1818542480469,583.5137939453125,479.2704162597656,538.8162231445312,502.7642822265625,583.8640747070312,495.668701171875,539.0619506835938,541.95361328125,603.5989990234375,530.1592407226562
538.680419921875,420.36676025390625,538.1810913085938,417.9361877441406,539.8837280273438,417.00299072265625,539.6084594726562,421.81781005859375,552.1670532226562,417.4593811035156,539.4495849609375,442.16949462890625,570.6187133789062,430.28594970703125,518.50537109375,461.6368713378906,592.5592651367188,441.0547180175781,504.5010986328125,448.58843994140625,604.0194702148438,437.1377258300781,557.927734375,484.2109680175781,580.0142211914062,478.6533508300781,532.9723510742188,505.5458984375,582.1708984375,496.04449462890625,531.5464477539062,544.48046875,602.2566528320312,528.599365234375
533.9730224609375,421.04754638671875,532.7391967773438,418.713134765625,534.6200561523438,417.68731689453125,530.7496948242188,422.0694580078125,542.6512451171875,417.4576721191406,528.4844360351562,442.3222351074219,557.6414184570312,429.3443603515625,512.0352172851562,461.8206787109375,580.9395141601562,438.2795104980469,500.8132019042969,446.8773498535156,596.48046875,432.59393310546875,551.4590454101562,484.7593994140625,571.9331665039062,478.4919128417969,532.3021240234375,506.97125244140625,577.2734985351562,495.609619140625,536.406982421875,543.1591186523438,600.7838745117188,523.4989624023438
533.9083251953125,421.0711975097656,532.6957397460938,418.72296142578125,534.5491943359375,417.69232177734375,530.7859497070312,422.04718017578125,542.6953125,417.40655517578125,528.54931640625,442.26043701171875,557.7599487304688,429.24652099609375,512.1747436523438,461.72589111328125,580.996826171875,438.1538391113281,500.96038818359375,446.99298095703125,596.1802978515625,432.6743469238281,551.491455078125,484.7809753417969,572.0323486328125,478.495849609375,532.2931518554688,507.02435302734375,577.2960205078125,495.66241455078125,536.374755859375,543.2290649414062,600.8970947265625,523.5975952148438
526.280029296875,419.6230773925781,525.1519165039062,417.2561340332031,526.3871459960938,416.3831787109375,522.3939819335938,422.217529296875,533.8458862304688,418.0195007324219,518.7506713867188,443.14080810546875,549.4161376953125,431.7076721191406,503.0723571777344,455.2919006347656,572.638427734375,435.0263366699219,496.2010498046875,434.7547302246094,584.7198486328125,423.5422668457031,545.1166381835938,485.93792724609375,565.9735107421875,480.6640625,531.5987548828125,508.7098388671875,571.2362060546875,498.67041015625,536.5097045898438,542.6787109375,590.5343017578125,524.9138793945312
522.083740234375,419.4892578125,520.212646484375,417.1406555175781,522.322509765625,416.59515380859375,514.796630859375,423.40081787109375,529.6571655273438,420.48797607421875,509.4918212890625,443.33880615234375,545.2577514648438,436.0649719238281,491.3961486816406,445.6385498046875,568.2587890625,434.1395263671875,486.60498046875,418.6332702636719,575.4506225585938,415.4981384277344,534.8739013671875,487.7334289550781,558.6880493164062,485.0225830078125,535.1572265625,509.86126708984375,572.3679809570312,503.7518310546875,532.9337768554688,544.7307739257812,580.960205078125,533.6035766601562
520.2164916992188,420.5213317871094,517.768310546875,417.9743347167969,519.8259887695312,418.1817626953125,510.69140625,423.27569580078125,525.4310913085938,422.5221862792969,504.8377380371094,440.7121276855469,537.4935913085938,437.4388427734375,485.7546081542969,440.1338806152344,557.4181518554688,436.8128662109375,483.13299560546875,415.7690124511719,564.9523315429688,419.55987548828125,526.8936157226562,485.90618896484375,548.100341796875,484.8155517578125,535.1763916015625,509.34173583984375,563.7012939453125,505.7127685546875,530.2134399414062,544.6322021484375,565.1921997070312,536.7769775390625
513.73974609375,421.88360595703125,511.0779724121094,418.9952087402344,513.553466796875,419.2962341308594,504.2197570800781,425.02392578125,519.283203125,424.5407409667969,497.38201904296875,442.4103088378906,531.2501220703125,440.79083251953125,480.0235595703125,435.3874206542969,548.8158569335938,438.1255798339844,477.3441162109375,408.86358642578125,555.1015014648438,424.4559326171875,518.3745727539062,486.81365966796875,539.0828247070312,486.73284912109375,539.1439208984375,514.9899291992188,558.5126342773438,512.963623046875,528.80224609375,544.82958984375,545.183349609375,539.9701538085938
510.0152282714844,421.85174560546875,506.0909729003906,418.9000244140625,509.0029296875,419.47955322265625,496.107666015625,426.0524597167969,511.7951965332031,425.8095703125,491.0265197753906,444.0823059082031,522.9978637695312,443.97412109375,473.632080078125,437.16656494140625,540.33642578125,448.45648193359375,468.41693115234375,408.26568603515625,548.6185913085938,441.40667724609375,513.5593872070312,488.046875,532.769287109375,488.41680908203125,536.509765625,519.9048461914062,552.8734741210938,517.6378173828125,523.5748291015625,546.2198486328125,536.4129638671875,540.1643676757812
510.1427917480469,421.89764404296875,506.2153015136719,418.94146728515625,509.11309814453125,419.5272521972656,496.1646728515625,426.0098571777344,511.81982421875,425.79766845703125,491.02044677734375,443.99285888671875,522.9647216796875,443.99310302734375,473.60943603515625,437.4092102050781,540.1922607421875,448.93133544921875,468.4911804199219,408.27557373046875,548.3062133789062,441.6624755859375,513.5926513671875,488.08697509765625,532.8133544921875,488.50469970703125,536.5689697265625,520.071533203125,552.9036865234375,517.8737182617188,523.5604858398438,546.3016967773438,536.3286743164062,540.3568115234375
503.05316162109375,428.1641540527344,499.8991394042969,425.2386474609375,502.73797607421875,425.7218017578125,491.3211669921875,431.3377685546875,506.6743469238281,431.80194091796875,484.40167236328125,446.79962158203125,516.7208251953125,449.8858337402344,468.8520812988281,434.4368591308594,535.7483520507812,451.15338134765625,463.95550537109375,407.0442199707031,543.3953247070312,443.2005920410156,507.9556884765625,493.28729248046875,526.490966796875,495.3980712890625,527.4150390625,525.1851196289062,542.3519897460938,526.726318359375,514.2830810546875,548.5476684570312,521.1481323242188,548.3353271484375
502.06451416015625,429.7839050292969,498.45599365234375,426.9082946777344,501.18359375,427.8493957519531,487.877197265625,432.37261962890625,501.64483642578125,434.34454345703125,482.8393249511719,445.99810791015625,507.74432373046875,453.78375244140625,465.8745422363281,433.60858154296875,527.3875122070312,457.7752685546875,450.40338134765625,407.2462463378906,532.3103637695312,446.18499755859375,505.39862060546875,494.531494140625,516.6956787109375,498.81695556640625,525.5541381835938,528.5306396484375,518.33251953125,534.1182861328125,519.148681640625,554.6307373046875,491.9825134277344,561.5394287109375
494.1611022949219,433.9273681640625,491.255615234375,431.028564453125,493.8467102050781,431.8800354003906,482.9425354003906,435.6601867675781,497.50738525390625,437.35308837890625,478.166748046875,449.5157470703125,504.2530212402344,456.2886962890625,456.5863342285156,439.5220031738281,523.3895263671875,464.0511779785156,440.3666687011719,413.3267822265625,530.2415771484375,456.51641845703125,498.9461364746094,497.48681640625,510.7481994628906,500.651611328125,516.43212890625,533.8278198242188,506.02947998046875,537.5753784179688,512.4266357421875,561.1616821289062,481.57275390625,565.1080322265625
486.00982666015625,440.2694396972656,482.92620849609375,437.275634765625,485.63250732421875,437.7248229980469,475.42999267578125,441.60211181640625,490.840576171875,441.7533874511719,471.6969909667969,455.67034912109375,499.6286315917969,458.725830078125,451.7646484375,446.3268737792969,519.433349609375,463.7044677734375,436.914794921875,418.8349914550781,523.1719970703125,456.6814880371094,492.3710632324219,501.6409912109375,506.229736328125,503.59539794921875,505.0606689453125,536.3690185546875,502.35894775390625,538.3531494140625,497.36700439453125,565.4884643554688,481.5845947265625,565.9505615234375
482.68548583984375,437.16448974609375,478.7614440917969,434.113525390625,482.09033203125,434.44940185546875,467.6352844238281,439.66046142578125,484.9781188964844,439.241943359375,463.2826843261719,455.67779541015625,495.1905517578125,457.1773376464844,445.06390380859375,450.3636474609375,515.7413940429688,460.5953369140625,427.41571044921875,424.18634033203125,512.2254028320312,443.9615173339844,484.3133544921875,501.93719482421875,501.8742370605469,502.6201171875,496.388427734375,539.482666015625,499.32000732421875,540.1741943359375,489.1457214355469,570.3637084960938,480.58087158203125,570.4583129882812
482.50579833984375,437.07861328125,478.5901794433594,434.037841796875,481.92974853515625,434.36700439453125,467.547607421875,439.6055908203125,484.93359375,439.15313720703125,463.3326110839844,455.6982116699219,495.1670227050781,457.0449523925781,445.2337646484375,450.7843017578125,515.614990234375,460.58172607421875,427.79180908203125,425.0317077636719,512.2535400390625,444.1842346191406,484.4574890136719,501.81719970703125,501.9923095703125,502.43902587890625,496.3805236816406,539.4136352539062,499.2702331542969,540.0029296875,489.2568664550781,570.508056640625,480.737060546875,570.4237670898438
470.1900329589844,440.0721435546875,467.0904541015625,436.6655578613281,469.6057434082031,436.66143798828125,458.8189392089844,441.5116882324219,474.8642578125,440.0413818359375,453.5833740234375,457.1070556640625,487.8163757324219,456.1419677734375,440.1393737792969,449.83795166015625,508.8546447753906,454.10601806640625,427.4691467285156,434.31005859375,503.60650634765625,446.9376525878906,477.4490966796875,501.90277099609375,497.67803955078125,502.14251708984375,485.0613708496094,537.2103881835938,499.927490234375,537.7904663085938,477.873779296875,569.4341430664062,487.17120361328125,569.5617065429688
470.9066467285156,440.2826843261719,465.4126892089844,436.5078430175781,468.1840515136719,437.04547119140625,451.4284973144531,443.64642333984375,466.10150146484375,442.1050720214844,449.1923522949219,462.1594543457031,479.4394226074219,457.68023681640625,439.31671142578125,456.3849182128906,496.85321044921875,450.2476501464844,430.73162841796875,447.2039489746094,492.3226318359375,446.18157958984375,472.509765625,503.8056640625,492.3171081542969,502.1387939453125,473.39306640625,535.830322265625,500.0680847167969,532.0396118164062,458.7476501464844,572.767578125,491.5869445800781,565.7147827148438
452.4586181640625,443.29034423828125,449.4351806640625,440.2024841308594,452.0460205078125,439.8534851074219,443.33197021484375,444.61865234375,457.82867431640625,441.4288330078125,444.680908203125,460.35650634765625,473.176513671875,452.5475158691406,439.2626953125,464.34625244140625,492.77935791015625,446.75494384765625,435.29486083984375,451.99273681640625,491.61968994140625,433.650146484375,471.9433898925781,496.93634033203125,491.80706787109375,494.46539306640625,463.152587890625,536.8488159179688,496.3512268066406,532.4432983398438,448.5294189453125,573.6494750976562,494.5986022949219,566.8590087890625
441.9842834472656,449.1012268066406,439.61822509765625,445.4889221191406,440.8131408691406,444.9399719238281,435.6856994628906,448.45819091796875,447.5559387207031,444.3760986328125,441.5222473144531,460.788818359375,461.674072265625,450.05938720703125,448.9895324707031,456.620361328125,481.792724609375,433.4234313964844,459.84478759765625,448.2225341796875,480.9844665527344,424.8505554199219,466.0400085449219,496.78326416015625,482.1151123046875,493.42498779296875,457.5147399902344,536.95458984375,495.5580139160156,530.6044311523438,434.86114501953125,575.0850830078125,496.739501953125,565.01953125
436.391357421875,455.4776306152344,434.103759765625,452.73431396484375,435.14630126953125,451.88018798828125,431.9789123535156,458.209716796875,444.56195068359375,452.1812744140625,442.1572570800781,469.4629821777344,455.0787048339844,453.6811828613281,449.0568542480469,448.1670227050781,466.5193176269531,422.1817626953125,451.55523681640625,417.0885009765625,457.7684631347656,404.39019775390625,465.6075134277344,501.47125244140625,477.48046875,494.0736083984375,448.664794921875,540.8309936523438,487.85369873046875,528.2688598632812,425.9809875488281,582.9263305664062,498.4617614746094,562.1856079101562
436.2032775878906,455.51580810546875,433.9624938964844,452.79083251953125,435.04095458984375,451.90777587890625,432.0043029785156,458.1654357910156,444.6564636230469,452.0841369628906,442.22589111328125,469.2580261230469,455.0782775878906,453.4523010253906,449.1514587402344,447.8688049316406,466.51568603515625,421.912841796875,451.6687927246094,416.6727600097656,457.7735290527344,404.0605773925781,465.5721435546875,501.27630615234375,477.3628845214844,493.87066650390625,448.8155212402344,540.6484375,487.6689758300781,528.1060791015625,426.1217041015625,582.6624145507812,498.0438232421875,561.9691772460938
428.10845947265625,453.13189697265625,426.0224914550781,451.127197265625,427.8585205078125,448.81341552734375,423.972412109375,460.42120361328125,439.5583190917969,449.58270263671875,431.1727600097656,479.10882568359375,449.8975830078125,453.5653991699219,432.3951721191406,465.0174865722656,455.1194152832031,419.4450988769531,426.6437683105469,427.49591064453125,439.2768859863281,403.4737854003906,459.7927551269531,509.88812255859375,477.6309509277344,498.32843017578125,437.7161560058594,549.1417846679688,496.681884765625,529.5458374023438,409.7227783203125,594.699951171875,515.6337890625,563.286376953125
424.7375793457031,460.51873779296875,422.0294189453125,458.6319274902344,425.062255859375,455.7515869140625,416.7961120605469,466.0747985839844,434.9500732421875,454.36236572265625,422.3978576660156,486.25482177734375,446.9476013183594,458.0410461425781,428.10052490234375,482.8182678222656,462.03387451171875,428.9525146484375,427.2779235839844,447.8636779785156,452.8709716796875,411.0809326171875,449.40716552734375,517.8792724609375,470.8186340332031,505.24932861328125,429.1192321777344,554.499267578125,490.5302734375,532.8883056640625,408.0642395019531,595.3464965820312,510.491455078125,561.068603515625
416.4601745605469,465.51483154296875,415.0441589355469,464.4862060546875,417.55047607421875,460.78765869140625,412.92938232421875,473.3909606933594,429.73974609375,459.58782958984375,417.5183410644531,497.0733642578125,441.5322265625,465.71453857421875,419.5258483886719,501.845947265625,456.70849609375,444.1855773925781,412.3662414550781,477.0869140625,450.1393737792969,442.30755615234375,445.13916015625,527.2536010742188,466.47918701171875,513.1036987304688,424.366943359375,560.4752197265625,487.83349609375,536.3231201171875,407.78472900390625,598.6154174804688,515.0147705078125,560.2183227539062
411.5531005859375,466.0263366699219,411.28082275390625,464.9682922363281,412.9743957519531,461.915771484375,412.78082275390625,472.7790832519531,426.2577209472656,461.454833984375,416.10040283203125,498.0738525390625,439.3702087402344,471.4411926269531,407.9566955566406,514.5260009765625,448.4270935058594,464.677001953125,395.0048522949219,485.7341003417969,442.2318420410156,453.95635986328125,442.91168212890625,533.4681396484375,463.6927490234375,521.206787109375,419.9577941894531,560.0047607421875,482.3843994140625,539.0629272460938,405.5594482421875,599.8197021484375,508.62750244140625,565.3162841796875
410.29498291015625,476.8683776855469,409.2401123046875,474.6958312988281,411.9018249511719,472.6949462890625,409.7641906738281,478.93902587890625,427.0770568847656,470.79193115234375,412.21087646484375,500.90869140625,442.2564697265625,481.2850036621094,401.4676208496094,520.5758056640625,447.709228515625,486.1813659667969,391.7297058105469,494.77099609375,435.25201416015625,476.7662353515625,437.4128723144531,540.3213500976562,462.67816162109375,531.078857421875,416.3828430175781,562.7796020507812,476.8661193847656,546.8975219726562,404.1393127441406,602.9359741210938,498.4034729003906,575.8330078125
410.2259216308594,476.7218017578125,409.1740417480469,474.5572509765625,411.8445739746094,472.53472900390625,409.7239990234375,478.862060546875,427.0892028808594,470.6395568847656,412.14776611328125,500.93328857421875,442.3541259765625,481.1680603027344,401.4032287597656,520.6039428710938,448.12744140625,485.9744873046875,391.6269226074219,494.7379150390625,435.82177734375,476.5693359375,437.3840026855469,540.33203125,462.7210388183594,531.0281982421875,416.53900146484375,562.8551025390625,476.9833068847656,546.8771362304688,404.3231506347656,603.0460205078125,498.47772216796875,575.8124389648438
406.1934509277344,480.2314453125,405.4200439453125,477.4167785644531,408.0329284667969,475.64752197265625,407.5338134765625,481.64093017578125,426.45025634765625,474.32733154296875,409.31005859375,503.65081787109375,444.7103271484375,487.39337158203125,399.1897888183594,529.1567993164062,441.0646667480469,504.62744140625,389.379638671875,504.38226318359375,414.9968566894531,496.41412353515625,436.79412841796875,545.3065185546875,464.6393737792969,536.9551391601562,412.06549072265625,564.0911254882812,468.5719299316406,551.5231323242188,409.1278076171875,603.6167602539062,485.1931457519531,581.2705078125
411.3601379394531,482.15350341796875,410.11163330078125,478.8731689453125,412.76153564453125,476.79754638671875,410.4154052734375,483.25628662109375,429.1999816894531,474.82879638671875,414.3907470703125,508.88531494140625,445.63385009765625,491.0380859375,409.6700134277344,539.6141357421875,443.8788146972656,513.1829223632812,392.64630126953125,515.5860595703125,416.87261962890625,516.7906494140625,434.0302429199219,548.7020874023438,459.8562316894531,540.2945556640625,412.88916015625,564.0452880859375,467.70458984375,550.0191040039062,403.19482421875,606.0191650390625,483.1435241699219,582.916259765625
417.6802978515625,479.3299560546875,415.763671875,476.1315612792969,418.3209533691406,474.2422180175781,413.6207580566406,481.41497802734375,431.9110107421875,473.35809326171875,416.9496154785156,507.6925048828125,448.2779235839844,490.22747802734375,414.7281188964844,538.0426025390625,451.9930114746094,513.0606689453125,402.0595703125,524.5294189453125,432.5612487792969,527.1832275390625,434.9901123046875,546.2637329101562,460.6634216308594,537.99609375,413.1454162597656,565.9402465820312,467.17608642578125,551.5026245117188,403.0963439941406,606.6672973632812,482.36083984375,582.6128540039062
421.3023681640625,476.28369140625,420.1639099121094,473.3619079589844,422.544921875,471.56927490234375,419.74847412109375,477.9783020019531,437.2337646484375,470.89776611328125,421.3460693359375,502.4151611328125,453.3983459472656,487.61895751953125,424.35882568359375,532.486328125,462.27630615234375,510.7464599609375,424.749267578125,534.7890625,452.1102600097656,532.9840698242188,436.4605712890625,542.1552124023438,462.9604187011719,535.3834228515625,415.03961181640625,561.454345703125,470.35162353515625,549.8301391601562,403.93939208984375,602.949951171875,484.3282165527344,583.829833984375
430.3424377441406,470.7644348144531,429.24127197265625,467.5041809082031,431.7005615234375,466.53106689453125,428.826171875,471.40081787109375,445.657958984375,467.16351318359375,428.283447265625,494.494873046875,461.37823486328125,485.4103698730469,427.988037109375,524.0709838867188,469.4120788574219,509.60955810546875,430.5182800292969,530.9430541992188,462.5363464355469,525.0205688476562,441.85101318359375,536.28662109375,469.442626953125,532.1649169921875,417.6408996582031,557.9410400390625,478.770263671875,551.8839721679688,403.7886962890625,597.699462890625,490.272705078125,588.3690185546875
430.3162536621094,470.75079345703125,429.2080993652344,467.48480224609375,431.6639404296875,466.5160217285156,428.79840087890625,471.39208984375,445.6260681152344,467.1543884277344,428.31207275390625,494.5235595703125,461.3586120605469,485.4010925292969,427.9500427246094,524.121337890625,469.3393859863281,509.60577392578125,430.4072570800781,530.8487548828125,462.41522216796875,524.9505615234375,441.83880615234375,536.3595581054688,469.3975830078125,532.2138061523438,417.6063537597656,557.9100341796875,478.70697021484375,551.8027954101562,403.7694396972656,597.8123779296875,490.2247009277344,588.3880004882812
442.447021484375,463.3067321777344,440.87542724609375,460.27716064453125,443.6761779785156,459.1184997558594,438.0856018066406,464.4054870605469,457.413818359375,459.49053955078125,434.476318359375,488.24774169921875,470.891845703125,477.4532165527344,430.1214599609375,516.2882690429688,480.3171691894531,500.1219482421875,434.7906799316406,519.4417724609375,475.3293762207031,516.0479736328125,442.3057861328125,530.7776489257812,471.48211669921875,525.8547973632812,423.99554443359375,557.7212524414062,480.8634033203125,549.63623046875,405.2599182128906,599.3478393554688,487.017822265625,586.4185791015625
452.0556335449219,455.6255798339844,450.145263671875,452.41058349609375,452.79522705078125,451.580078125,446.3836975097656,456.2719421386719,465.6872863769531,452.161376953125,440.8443603515625,478.9730529785156,480.1996765136719,470.0379333496094,435.40106201171875,505.92657470703125,490.5136413574219,493.01702880859375,440.3147277832031,509.4708251953125,484.2576904296875,507.894287109375,447.5597229003906,524.8939819335938,478.7233581542969,520.8214111328125,430.08441162109375,557.13134765625,489.7821960449219,550.9168701171875,406.6531066894531,595.6546630859375,490.3253479003906,586.0949096679688
463.2004089355469,447.85443115234375,460.93536376953125,444.1988525390625,463.4286193847656,443.69488525390625,455.5132751464844,447.8330383300781,473.54132080078125,444.6424560546875,449.6856994628906,469.83233642578125,488.447021484375,463.14874267578125,442.13641357421875,495.24957275390625,501.8155212402344,487.85565185546875,443.655517578125,497.643310546875,498.8915100097656,503.9603271484375,456.06329345703125,517.6298828125,484.93609619140625,514.6306762695312,443.365234375,554.296875,494.4381408691406,549.2368774414062,422.0845031738281,592.9301147460938,489.2513732910156,584.9774169921875
470.3752136230469,439.2263488769531,467.74676513671875,435.75885009765625,470.390380859375,435.38836669921875,461.65753173828125,439.7210693359375,480.8908386230469,436.7276611328125,455.9400634765625,462.63616943359375,494.1907958984375,455.2056884765625,444.4372863769531,487.57025146484375,507.7069091796875,478.4457702636719,443.38909912109375,486.9976806640625,506.5261535644531,489.92059326171875,463.5951843261719,510.59979248046875,491.5893859863281,507.03558349609375,454.14691162109375,547.7015991210938,499.37921142578125,541.6593017578125,434.2119140625,587.4514770507812,494.7574462890625,576.787841796875
478.7307434082031,435.2941589355469,476.2353515625,431.7742004394531,479.14794921875,431.4375,469.5880126953125,435.24188232421875,488.2808837890625,432.87762451171875,462.4311218261719,457.9067687988281,501.6584777832031,452.3442077636719,448.12347412109375,482.68634033203125,515.4898071289062,476.476806640625,443.24365234375,485.3478088378906,516.0328979492188,490.12982177734375,470.8309326171875,508.0965576171875,498.44378662109375,505.5936279296875,463.3744201660156,544.5823974609375,504.4376220703125,540.068359375,447.4082946777344,583.3483276367188,497.7713928222656,575.4177856445312
478.9317932128906,435.3330993652344,476.4171142578125,431.8133544921875,479.3233642578125,431.4586181640625,469.6141052246094,435.26385498046875,488.3173522949219,432.84228515625,462.3169250488281,457.8436279296875,501.6191711425781,452.14227294921875,448.3315734863281,482.4978942871094,515.5138549804688,475.92413330078125,444.0999450683594,485.7563171386719,516.1185302734375,490.146240234375,470.7027893066406,507.947265625,498.3908386230469,505.40386962890625,463.4846496582031,544.5012817382812,504.5173034667969,539.8855590820312,447.5864562988281,583.3824462890625,497.94708251953125,575.3345947265625
485.2740478515625,431.6327209472656,482.902099609375,428.0327453613281,485.8645935058594,427.896728515625,477.16143798828125,431.0451965332031,494.94927978515625,429.48272705078125,470.3573303222656,452.66717529296875,507.64422607421875,448.7633972167969,455.7389221191406,476.6512451171875,523.0469970703125,471.87066650390625,445.5210876464844,489.43408203125,525.8822631835938,489.0972900390625,478.85821533203125,501.79815673828125,504.6954345703125,499.902587890625,470.65252685546875,537.0335083007812,509.70941162109375,534.324951171875,461.57757568359375,576.72216796875,511.14501953125,571.1434936523438
491.550048828125,429.1251525878906,489.9049987792969,425.8638916015625,492.8024597167969,425.56793212890625,484.54779052734375,429.4804992675781,501.8602294921875,428.19390869140625,475.26214599609375,451.491943359375,513.0769653320312,448.8778991699219,458.4053649902344,476.1559143066406,529.2431030273438,472.15972900390625,449.5839538574219,492.4267578125,535.6618041992188,491.59130859375,483.888916015625,500.69000244140625,509.8769226074219,499.56402587890625,475.872314453125,533.67431640625,516.19189453125,531.9937744140625,471.8463134765625,572.620361328125,523.5413208007812,568.6031494140625
497.9232177734375,428.1356506347656,496.51593017578125,425.0076904296875,499.79864501953125,424.7066955566406,491.3330078125,429.0415344238281,509.2017517089844,428.2926940917969,481.8078918457031,450.9128723144531,518.7290649414062,450.26751708984375,467.60595703125,475.5578918457031,536.0191040039062,474.0682373046875,460.67230224609375,493.677734375,543.139892578125,491.5848388671875,489.7777404785156,499.60369873046875,515.6083984375,499.57574462890625,483.94293212890625,530.6154174804688,527.500244140625,530.822021484375,478.28564453125,568.879638671875,536.7938842773438,568.1454467773438
507.9507141113281,429.16009521484375,506.00616455078125,425.7454833984375,508.9697265625,425.7741394042969,498.3931579589844,428.9133605957031,514.9759521484375,429.0099792480469,488.2430419921875,451.9581604003906,524.5632934570312,450.5917663574219,477.35858154296875,478.1579895019531,542.7257080078125,471.99969482421875,472.9322204589844,503.05291748046875,554.2740478515625,488.3785400390625,494.80523681640625,500.2447509765625,521.1817016601562,500.06024169921875,492.605224609375,532.59912109375,542.2633056640625,532.6453247070312,487.58319091796875,568.5189208984375,555.1429443359375,569.444580078125
514.8193969726562,432.7280578613281,513.2261352539062,429.4346618652344,516.0123901367188,429.4754943847656,506.01812744140625,431.7230224609375,522.0780029296875,432.3011779785156,494.7945251464844,452.9181823730469,530.386474609375,452.53460693359375,488.0540771484375,479.7796936035156,547.1250610351562,472.2535705566406,490.7098388671875,506.617919921875,557.7072143554688,485.11651611328125,501.6904296875,500.81121826171875,527.5365600585938,501.3515625,503.5538024902344,532.0137939453125,548.0690307617188,533.5944213867188,496.72357177734375,564.8555908203125,554.8275146484375,568.8092041015625
514.8617553710938,432.76373291015625,513.2246704101562,429.4648742675781,516.037353515625,429.5016174316406,505.9002990722656,431.7618103027344,522.0343017578125,432.3091735839844,494.6767578125,453.0924377441406,530.3489379882812,452.5204772949219,487.8988342285156,480.296875,547.0777587890625,472.2400207519531,490.50848388671875,507.50799560546875,557.710693359375,485.104736328125,501.4985656738281,501.03521728515625,527.3843994140625,501.48834228515625,503.4546203613281,532.2700805664062,547.916259765625,533.7298583984375,496.69659423828125,565.1942749023438,554.68017578125,568.9666748046875
515.6068725585938,434.2574462890625,514.6959228515625,431.4154052734375,517.7526245117188,431.1580810546875,510.0580139160156,434.6525573730469,526.735595703125,434.9265441894531,500.2345886230469,454.8050231933594,536.0345458984375,456.696533203125,499.4106750488281,480.61968994140625,556.3703002929688,475.9490051269531,499.6101379394531,502.78057861328125,560.4441528320312,478.9803161621094,510.2605895996094,501.7518310546875,536.1835327148438,503.54510498046875,508.420166015625,528.6683959960938,552.3387451171875,533.8262939453125,499.9797668457031,559.186767578125,555.1058959960938,570.0206909179688
519.9378662109375,434.4895935058594,518.861328125,431.6918640136719,521.8546752929688,431.45245361328125,513.6112670898438,434.5585632324219,529.7557983398438,434.8963623046875,503.96820068359375,454.3574523925781,538.1677856445312,455.92962646484375,504.4427490234375,483.7060852050781,558.9036254882812,473.1653747558594,501.9732666015625,504.31982421875,557.7968139648438,464.2456970214844,512.9140625,502.79632568359375,537.779052734375,504.74871826171875,512.5850219726562,528.5650634765625,555.1290283203125,535.12109375,500.1684875488281,556.6928100585938,552.6658325195312,570.8582763671875
518.5059204101562,433.63409423828125,518.173583984375,430.9535217285156,520.9804077148438,430.5341796875,515.2803344726562,433.5259704589844,530.4303588867188,433.6992492675781,505.833251953125,451.9812316894531,540.0402221679688,454.36236572265625,506.26544189453125,479.77880859375,562.4009399414062,470.48797607421875,500.8203125,502.56817626953125,560.1608276367188,462.14324951171875,515.641357421875,499.84039306640625,540.3872680664062,502.12017822265625,512.7297973632812,525.4487915039062,556.3865356445312,533.192138671875,499.2677917480469,551.9153442382812,552.9268188476562,568.419677734375
521.9605712890625,431.2520751953125,520.4400024414062,428.6144104003906,523.387451171875,428.18505859375,514.8265380859375,432.2181091308594,530.2796020507812,431.5397033691406,507.77288818359375,451.935791015625,540.80859375,451.5936584472656,505.6711730957031,477.6405029296875,564.703857421875,466.8429260253906,495.5306396484375,497.8856201171875,563.3731079101562,460.1683349609375,519.863037109375,498.20343017578125,543.5171508789062,498.73345947265625,510.7817077636719,523.0367431640625,554.5582885742188,527.7088623046875,499.63909912109375,548.7360229492188,554.1567993164062,559.1267700195312
520.667724609375,427.808837890625,519.4474487304688,425.515625,522.5523681640625,425.0293273925781,516.076416015625,430.3945007324219,531.9470825195312,429.3604431152344,510.1834411621094,452.09375,545.393798828125,448.84478759765625,500.8528137207031,477.8421936035156,569.00146484375,463.2242736816406,489.01495361328125,499.18267822265625,572.8140869140625,460.94366455078125,523.8904418945312,496.362060546875,548.7832641601562,495.06982421875,511.31024169921875,518.224853515625,560.265625,519.6281127929688,502.4377136230469,544.0923461914062,563.5259399414062,548.0872802734375
520.8406982421875,427.87628173828125,519.5922241210938,425.5727233886719,522.6947021484375,425.0969543457031,516.1222534179688,430.4159240722656,531.9732055664062,429.39849853515625,510.20428466796875,452.0462341308594,545.3706665039062,448.8118591308594,500.8855895996094,477.6770324707031,569.0067138671875,463.13067626953125,489.2119140625,498.89569091796875,572.9713134765625,460.9103698730469,523.8635864257812,496.23699951171875,548.7364501953125,494.9544677734375,511.2620849609375,518.1834716796875,560.2429809570312,519.5557861328125,502.29254150390625,544.084228515625,563.5154418945312,548.005126953125
523.7531127929688,426.00872802734375,522.5328979492188,423.4991760253906,525.4613647460938,423.1901550292969,519.8709716796875,428.2574768066406,534.5440673828125,427.36639404296875,513.6712036132812,451.1157531738281,549.0487670898438,446.8890075683594,499.1577453613281,476.685546875,573.5369873046875,461.83660888671875,489.11431884765625,495.78265380859375,586.9627075195312,463.6842041015625,529.0325927734375,494.9447021484375,554.078369140625,493.078125,515.74462890625,514.7260131835938,568.8822021484375,513.9805297851562,500.3876037597656,542.5797119140625,569.5625610351562,542.0003662109375
535.6453247070312,422.98968505859375,534.2312622070312,420.1467590332031,536.3034057617188,419.8990173339844,530.3898315429688,423.84588623046875,541.589111328125,422.8678283691406,523.560791015625,445.5972595214844,556.5867309570312,439.31591796875,506.855224609375,473.52947998046875,582.5096435546875,453.5016784667969,497.4942932128906,489.43499755859375,600.7463989257812,450.0328369140625,535.7833251953125,488.74481201171875,559.4805297851562,486.0019226074219,520.7868041992188,509.46807861328125,577.9801635742188,507.02874755859375,499.780517578125,539.7992553710938,575.7469482421875,537.0626220703125
549.4297485351562,420.0146484375,547.149658203125,417.0910339355469,550.0575561523438,416.9680480957031,540.0485229492188,419.9986267089844,554.8101196289062,419.1389465332031,531.010498046875,441.32550048828125,566.8194580078125,436.0263977050781,514.0889282226562,464.772705078125,592.3579711914062,449.1103210449219,509.30242919921875,473.4658203125,610.8195190429688,449.021728515625,538.3955688476562,487.503173828125,565.2395629882812,485.1805419921875,520.7813110351562,506.91510009765625,584.022705078125,503.23468017578125,501.989990234375,541.3189086914062,594.2059326171875,534.6973266601562
557.0447998046875,413.74273681640625,554.9458618164062,410.5295104980469,558.1041870117188,410.34368896484375,548.5303344726562,412.7752685546875,566.649169921875,411.6829833984375,540.1520385742188,434.501953125,578.8224487304688,429.6596374511719,525.9445190429688,457.29193115234375,600.1929321289062,449.0894470214844,529.765625,456.9400939941406,615.021484375,450.8072814941406,544.8819580078125,482.0433654785156,574.7071533203125,479.393798828125,523.4290161132812,506.2340087890625,589.892333984375,501.59893798828125,506.05218505859375,540.4512329101562,604.0286865234375,532.0855712890625
569.5121459960938,407.1896667480469,567.7604370117188,404.2401123046875,570.3408813476562,404.23822021484375,562.1674194335938,408.254150390625,577.1494140625,407.5948791503906,554.9711303710938,429.39434814453125,587.53955078125,426.02117919921875,539.925048828125,447.7166442871094,607.8721923828125,442.4150390625,541.5941162109375,444.2066955566406,626.28662109375,444.6445617675781,557.609130859375,475.6447448730469,583.7371826171875,474.1630859375,533.79541015625,499.9449462890625,603.8660888671875,496.74755859375,512.99951171875,535.96826171875,618.505615234375,530.9037475585938
569.8140258789062,407.2383117675781,568.0113525390625,404.3017578125,570.60009765625,404.29254150390625,562.2058715820312,408.32867431640625,577.2110595703125,407.6356201171875,554.9948120117188,429.414306640625,587.4844970703125,425.96685791015625,540.0370483398438,447.7635498046875,607.5380859375,442.3164367675781,541.7373046875,444.50250244140625,625.6738891601562,444.8403015136719,557.693115234375,475.6033935546875,583.7875366210938,474.0877685546875,533.7173461914062,500.12579345703125,603.6767578125,496.865234375,513.0516357421875,535.9660034179688,618.3851318359375,530.8035278320312
580.8502197265625,402.8075256347656,579.0138549804688,399.8291931152344,581.9232788085938,399.80206298828125,573.3387451171875,403.4774169921875,590.5624389648438,402.73687744140625,565.772216796875,425.8635559082031,600.6997680664062,422.19464111328125,548.7612915039062,445.33648681640625,619.8185424804688,441.5388488769531,551.262451171875,442.58935546875,638.359130859375,448.996826171875,565.6832275390625,472.25726318359375,593.7026977539062,470.32318115234375,539.06640625,497.891357421875,608.4683227539062,493.6053466796875,516.1856079101562,532.6092529296875,623.3080444335938,525.252197265625
594.3976440429688,401.0321350097656,592.85791015625,397.86138916015625,595.22119140625,398.0118713378906,586.1336059570312,400.8274841308594,601.3564453125,401.04339599609375,576.2924194335938,420.7596130371094,610.298583984375,420.1443176269531,560.3754272460938,440.7745361328125,626.8905029296875,443.2904357910156,564.60888671875,440.23199462890625,646.7382202148438,452.8309631347656,574.3150634765625,469.7749938964844,600.9022827148438,469.67071533203125,551.3164672851562,494.93109130859375,618.272705078125,493.2982177734375,532.6707153320312,526.6446533203125,632.4884643554688,523.3292846679688
603.5385131835938,397.95068359375,601.8350830078125,394.90325927734375,604.72705078125,394.6739196777344,594.9548950195312,398.178466796875,611.4645385742188,397.5275573730469,584.7566528320312,420.28424072265625,619.0302124023438,417.51324462890625,565.7076416015625,440.16143798828125,634.1705932617188,439.14935302734375,562.927001953125,443.9106750488281,647.6751098632812,451.1308288574219,582.92041015625,467.0779724121094,609.547119140625,464.9599304199219,560.2586059570312,493.97021484375,623.9790649414062,490.17205810546875,538.6599731445312,531.0491943359375,635.433837890625,523.8660888671875
613.0159301757812,393.8464660644531,611.4066162109375,391.39678955078125,613.9757080078125,391.75396728515625,604.9348754882812,396.1829528808594,619.137451171875,397.34912109375,595.5499267578125,415.76031494140625,626.0895385742188,417.4201354980469,575.5017700195312,437.79400634765625,642.319091796875,440.4516296386719,566.3906860351562,442.629638671875,655.5513916015625,447.955810546875,591.9642333984375,467.0277099609375,615.3358154296875,467.4742736816406,568.6456298828125,491.59967041015625,628.8323974609375,491.76934814453125,551.6818237304688,526.7151489257812,639.7213745117188,525.0980224609375
620.2417602539062,391.80938720703125,618.1889038085938,388.49713134765625,620.6787109375,388.82861328125,610.755126953125,391.38238525390625,625.496826171875,392.1252136230469,601.8234252929688,412.5417785644531,634.086181640625,412.3672790527344,586.1112670898438,435.84088134765625,649.902587890625,434.43609619140625,580.20458984375,451.9505920410156,663.8939819335938,450.00177001953125,600.25390625,459.96575927734375,624.198486328125,459.8240966796875,579.6752319335938,490.76446533203125,631.0205688476562,490.3507080078125,562.987548828125,524.0155029296875,635.9733276367188,522.5594482421875
620.3600463867188,391.78350830078125,618.2987670898438,388.4737548828125,620.7850952148438,388.8185119628906,610.8533935546875,391.37103271484375,625.4929809570312,392.16131591796875,601.9219360351562,412.5636291503906,634.1129150390625,412.45977783203125,586.1627807617188,435.8518371582031,650.087890625,434.55438232421875,580.1282958984375,451.9731750488281,664.4793090820312,450.040283203125,600.3109130859375,460.02593994140625,624.1786499023438,459.9143981933594,579.7022094726562,490.64788818359375,631.1314086914062,490.2618408203125,563.0411376953125,523.9259033203125,636.0498046875,522.4480590820312
626.1978759765625,387.2888488769531,624.8880615234375,384.06610107421875,627.2000732421875,384.170654296875,618.4091186523438,386.1128845214844,632.73046875,386.8944091796875,607.6983032226562,405.7909240722656,638.2377319335938,406.6470642089844,590.3635864257812,429.03125,652.9896240234375,430.32598876953125,585.25537109375,447.0476379394531,665.925048828125,446.1141052246094,604.5652465820312,453.55084228515625,626.2647705078125,453.686767578125,594.4808959960938,487.38037109375,634.4017944335938,487.76702880859375,580.6421508789062,522.0097045898438,636.6207885742188,521.1866455078125
636.2852783203125,380.5417785644531,633.6002807617188,377.0256042480469,636.3063354492188,377.5225830078125,622.2130126953125,379.588134765625,636.7246704101562,381.36090087890625,610.6640014648438,400.0076904296875,641.55517578125,402.9613037109375,599.0853271484375,424.3446044921875,655.4573364257812,426.64898681640625,593.9536743164062,446.3747863769531,666.529541015625,442.32489013671875,610.4497680664062,447.73370361328125,631.8651733398438,449.2571105957031,602.2527465820312,482.5943908691406,637.10546875,484.97467041015625,593.382568359375,517.3259887695312,636.1726684570312,520.2992553710938
638.2341918945312,372.89306640625,636.080322265625,369.6582946777344,638.5642700195312,370.02606201171875,626.426025390625,372.4068603515625,640.7592163085938,373.9149475097656,615.4168090820312,393.88555908203125,645.287109375,395.8565368652344,602.8809204101562,419.32000732421875,657.03076171875,420.2880859375,598.8349609375,440.802734375,667.1970825195312,436.66766357421875,617.1232299804688,443.57659912109375,637.4459838867188,444.6570739746094,612.9022216796875,480.3106689453125,641.2277221679688,482.1071472167969,606.537841796875,516.31884765625,638.3363037109375,518.7061157226562
645.765625,366.1886901855469,643.12255859375,363.1156311035156,646.1098022460938,363.6310119628906,632.715087890625,366.27862548828125,647.3477783203125,367.7727966308594,621.8433227539062,385.4429931640625,652.8025512695312,387.7757873535156,609.7232666015625,411.7515563964844,662.5443725585938,413.9801940917969,605.3643798828125,435.37689208984375,670.473876953125,433.486572265625,623.166015625,437.1805114746094,643.6063842773438,438.15045166015625,622.281982421875,473.8998107910156,648.1296997070312,475.513916015625,619.7791137695312,510.0577392578125,642.8809814453125,512.604736328125
649.447509765625,362.9820251464844,646.85400390625,359.29730224609375,649.5933837890625,359.8139343261719,635.4956665039062,361.03424072265625,650.98876953125,362.8117980957031,624.706787109375,382.0155029296875,654.94921875,384.61090087890625,613.0167236328125,409.360595703125,664.4584350585938,411.298828125,609.1666259765625,433.890380859375,670.424560546875,430.34783935546875,626.729736328125,432.83697509765625,646.1878662109375,434.2109680175781,631.4929809570312,472.956298828125,648.4635009765625,474.858642578125,630.7889404296875,509.0908203125,642.5365600585938,511.976806640625
649.384033203125,362.9709777832031,646.791259765625,359.292236328125,649.5288696289062,359.80755615234375,635.4866333007812,361.0203552246094,650.9221801757812,362.7875061035156,624.774658203125,381.96514892578125,654.9124145507812,384.54974365234375,613.1417846679688,409.31036376953125,664.6197509765625,411.29034423828125,609.1538696289062,433.6610107421875,670.7518920898438,430.2208557128906,626.7537841796875,432.7587890625,646.1273803710938,434.1265563964844,631.5233764648438,472.9265441894531,648.4931030273438,474.8196105957031,630.7941284179688,509.13665771484375,642.5548095703125,512.0047607421875
651.52197265625,360.18841552734375,649.1587524414062,357.3318786621094,651.903564453125,357.5928649902344,638.8898315429688,361.1701354980469,653.468017578125,362.19696044921875,627.22802734375,381.29669189453125,657.6512451171875,383.9555969238281,615.6796875,408.548095703125,668.411376953125,410.88360595703125,614.6488647460938,431.74761962890625,677.3709716796875,431.7282409667969,633.1373901367188,433.2565612792969,652.2098999023438,435.09197998046875,637.5980834960938,474.303466796875,652.6690063476562,476.5560302734375,638.0449829101562,514.60302734375,646.1341552734375,516.843505859375
657.197509765625,359.0479736328125,654.1634521484375,355.7765197753906,657.0821533203125,356.21636962890625,642.7044677734375,358.6136474609375,656.4197387695312,359.7293395996094,632.7672729492188,378.44610595703125,660.892822265625,380.38104248046875,625.4412231445312,404.6745300292969,671.1588745117188,405.69781494140625,623.27587890625,429.0494384765625,679.8718872070312,426.31475830078125,637.9508056640625,428.70849609375,655.2138671875,429.74896240234375,644.741455078125,466.9071044921875,653.8698120117188,468.37420654296875,648.2490234375,504.982666015625,643.8536987304688,507.3262939453125
